block,address,contractname,functions
10062890,0xd5e80b91e594ffa8b2d2f778cbbcd5cd4c37f961,Arb,"fallback"
10560770,0x8675a471e34c05a93faeecc874db3a6f4e4ac9b3,AssetProxyClone,"fallback"
12646718,0xf841d292c1141cbf1460a1e2010916565a010cc8,AufToken,"fallback"
11843236,0x481de76d5ab31e28a33b0ea1c1063adcb5b1769a,B26,"fallback"
11400565,0x5f7c8c12ec3a545c71e56cb0609db769155d169e,BalancerPoolRecoverer,"proxyPayment"
10865375,0xa125e351dec307e131eefdba1fab9db34ed99c1b,BitcoinEV,"fallback"
10200761,0xa4dddf5c53f5fca4d6901d14fae463bc02638898,brightIDsponsor,"fallback"
11704904,0xb0dbf713a793175887f425e85b4cf130921dc6b8,BTCPoolDelegator,"fallback"
10239114,0x3c64f879548b119adeb980936591ce26644cef0e,CHESSLiquidReward,"fallback"
9852808,0x5fd1ffa1d817e2bc1e594081a9f883a8707e959c,CMGCoin,"fallback"
11466259,0x46a36b6bcbebd54b07b0f0fac88e89e3c6013ee3,DEDXToken,"fallback"
11468060,0x642de6dcae9a0b21c73bafacf921d49071864918,DeflectorProxy,"fallback"
11283097,0x3f1dc76e0b0e8e1ac1798c95ca70f3757feb3ab3,DMEX_Fee_Contract,"fallback"
11128197,0xd42296fdd896bdc9873bb1942e97f386cb7a3cf4,DrainMaster,"drain"
12152726,0x17aaa46e54ed95723a1fc303f8f5355e9082417f,DSProxy,"fallback,execute,execute,setCache"
9878273,0xfde83bd51bddaa39f15c1bf50e222a7ae5831d83,Echo,"fallback"
10430647,0x5759a6de790233ada100619b2c516ed6afd33ce1,EmployeeTokenOwnershipPlan,"fallback"
10044184,0xc725f33d3b44d8a5b900e9efb03fc314b3344306,EQY_UtilityToken,"fallback"
9917614,0x3eca1b216a7df1c7689aeb259ffb83adfb894e7f,ERC1538Proxy,"fallback"
11028544,0xd5a2ecb977086d3cca7cd810c25860314949786d,ERC20,"fallback"
13262476,0x53e1d907ef7fca1808237fefe45c6731a55a034b,ETH_HEX_HEX,"buyEggs,seedMarket"
12855703,0xb8c84b5478d8351347856f769105d5446fafd642,Flusher,"cast,fallback"
13095498,0xeba06639750badcdf5ee100d72f3c93f2d1918a7,GatedMiniMeController,"proxyPayment"
11063224,0x2bb10f35e061f10c21815fa4137dc643058655ae,GearLPvault,"withdrawERC20Tokens"
11115082,0x6f3153cb5645002f1af224cf3fb890aaf7dc339c,GearLPvault_v2,"withdrawERC20Tokens"
12418760,0x7ca62545a380e7d71f8f5cfa14b9211002075930,GivingToServices,"fallback"
9483832,0x86b2570930e09dbcc5b52e98cc4b4ed558869f22,GLOBALPROPERTY,"buyTokens"
13734244,0x2571f5806e85fd5fd2237bf1d4615eee0f5fd5cb,ISI,"fallback"
12906864,0x8676cb811b9148bb1171747221d9cf36c8e1c1f2,KeeperProxy,"fallback"
10873716,0x3e9bc21c9b189c09df3ef1b824798658d5011937,LnProxyERC20,"fallback"
10189305,0xd163c8ef0d4a9e5f627a71c7387f288ac9f51b88,Mandelbrot,"generator"
10836154,0x557aed48fe5e604725ee61a60421f2afc28fce6f,Minter,"fallback"
11760321,0xa472fca97f969f656ec6928578106be7936cbd10,MultiplierProxy,"fallback"
12625409,0xbc829d274d3f3e1933c8546c02afc874c5cc0845,MultiSig,"fallback"
12859628,0x30d432aecd99baeb00a03721a7c799a729d5b5c8,MultiSigWallet,"fallback"
13735442,0x031e1f2c56ca2bb248c4080c3d57e10e07d09601,OPI,"fallback"
10074173,0x22bbcd36fb376561be1146b950b4f76c446d0605,OrFeedInterface,"arbitrage"
12471560,0xa991356d261fbaf194463af6df8f0464f8f1c742,OwnedProxyWithReference,"fallback"
11228539,0xb90f97712486485493ccd8fc6051fc1fa39f9c81,POLContract,"fallback,depositTokenMultipleEpochs,depositToken"
12438589,0x34baf46ea5081e3e49c29fccd8671ccc51e61e79,PriceOracle,"fallback"
11663481,0x18e9be45b0e917b5648eb6716ece2de87474e535,ProxyPausable,"fallback"
11250562,0xda740e32e05ce288ce2bccfe47efa466631bb3d6,ProxyReKeep3r,"fallback"
10051363,0xbe29a27aa7405091b26c65edf5ca65e4682678f1,Register,"newDadRegister"
12939445,0x1438baa5c9e0b679fddbe80f4b432e578d285c92,SafeMoonSpace,"fallback"
11067386,0x4034ade2baafcb801f3f89c402886a78d0e753cf,SPump,"fallback"
10885588,0x511a878bd440f15c0f6c86590a9a6f3c58d9284b,TimelockWrapper,"executeTransaction"
11880957,0x04189e20e4691136af0d9bff884cb122a8bf2e16,tokenHandler,"deposit,repay,reserveDeposit"
10844051,0x30763939b717efe725d0e221d77237bc419e4732,TokenLockerII,"fallback"
10550880,0x63993c8b577950db1fd0cf67a1aa472c36ec598b,TokenLocker,"fallback"
11094196,0x672e1e95854957e262d9a1ebb82f040e8dd35f99,Tok,"fallback"
9601756,0x2c497506593b1df1c05269dba8224fe8e8708241,TruthSecurityToken,"buyTokens"
11228664,0xf7e384aaaab1ce3f17c0c82951d8048238eab9f1,UNILOCKContract,"fallback,depositTokenMultipleEpochs,depositToken"
10875626,0x2737076ef4fb01952c7dedf18a3d743a0f972e6d,VaultHandler,"buyWithPaymentOnly"
12812480,0xe681fab8851484b57f32143fd78548f25fd59980,WithdrawalsManagerStub,"fallback"
12683664,0x97ae437edbaca2db40cff2e0436b894ff72988af,XFactory,"fallback"
11047415,0x634ce80e76516c845927c80f4a2a9d77d2a2ed0a,yfBEV_Finance,"fallback"
11046831,0x3f3df59518e23cd765c6d2d580ba4adb1654531f,yfUSD,"fallback"
10793303,0x329239599afb305da0a2ec69c58f8a6697f9f88d,YPoolDelegator,"fallback"
11088961,0x72053846739d3765290d411f0a8453bb95eed628,yPSG_BettingToken,"fallback"
10793317,0xa746c67eb7915fa832a4c2076d403d4b68085431,ZapDelegator,"fallback"
10962561,0xc22b30e4cce6b78aaaadae91e44e73593929a3e9,ZoraProxy,"fallback"
11497275,0xcc773eedc0ad7990cd963e93b40e6057ae3ddfa6,ZZZProxy,"fallback"
